First Name,Last Name,Email,Company,Role
Sarah,Connor,sarah.connor@cyberdyne.io,Cyberdyne Systems,VP Engineering
Bruce,Wayne,bruce@wayneenterprises.com,Wayne Enterprises,CEO
Tony,Stark,tony@starkindustries.com,Stark Industries,Chief Architect
Peter,Parker,peter.parker@dailybugle.net,Daily Bugle,Lead Reporter
Natasha,Romanoff,natasha@avengers.org,SHIELD,Director of Security
Clark,Kent,clark@planetdaily.com,Daily Planet,Investigative Lead
Diana,Prince,diana@themyscira.gov,Themyscira Embassy,Ambassador
Barry,Allen,barry@starlabs.tech,STAR Labs,Lead Research Scientist
Hal,Jordan,hal@ferrisair.aero,Ferris Aircraft,Chief Pilot
Arthur,Curry,arthur@atlantis.ocean,Atlantis Global,Managing Director
